userId,characterName,cardCode,cardEffort,recoveryDate
781493924422090752.00000,Paimon,0l501w,376,
,Amber,0v5628,348,
191412938492477440.00000,Yuri,0q35d5,343,
191412938492477440.00000,Jean,0h48hp,340,
498940089888407616.00000,Tanjirou Kamado,vcddmj,338,
191412938492477440.00000,Xiangling,0qbm7w,293,
,Chiaki Nanami,vjcrmc,289,
,Obito Uchiha,80pdk,289,
371042880078348160.00000,Keqing,v4whbc,285,
,Joseph Joestar,gnr9k,280,
371042880078348160.00000,Inosuke Hashibira,vc8d38,276,
,Joker,q5331m,276,
,Ningguang,0ms0ss,273,
,Yomemi,q4vd6l,271,
359116399186149376.00000,Archdemon's Shadow,qn6tqd,270,
191412938492477440.00000,Shiro,q88565,265,
191412938492477440.00000,Kanao Tsuyuri,vf9bf9,265,
146321803797725184.00000,Souma Yukihira,q5xbxl,263,
130401447052443648.00000,Usada Pekora,hmkvhm,261,
,Akeno Himejima,v6sddl,260,
191412938492477440.00000,Mai Sakurajima,vgcqhz,258,
,Emma,01h0hg,258,
,Giyuu Tomioka,qbg0b5,256,
,Lucoa,qphp3t,250,
146321803797725184.00000,Assassin,qt8szt,248,
,Sagara Hanako,q93zb8,248,
371042880078348160.00000,Panther,q50ww9,248,
452129115575943168.00000,Stephanie Dola,vttc3h,248,
130401447052443648.00000,Usada Pekora,qnl5hn,233,
191412938492477440.00000,Tengen Uzui,023l3q,231,
130401447052443648.00000,Mio Naruse,q6535s,230,
130401447052443648.00000,Inugami Korone,v6msg4,229,
,Midari Ikishima,qfn9vv,226,
452129115575943168.00000,Star Platinum,0pb9vj,223,
191412938492477440.00000,Felt,q9c5m2,220,
,Jotaro Kujo,q9hsb6,218,
468091758325006336.00000,Black Hanekawa,ql0ql5,214,
121671514410975232.00000,Usada Pekora,0d18vt,213,
371042880078348160.00000,Joker,qz2wlv,211,
130401447052443648.00000,Moeka Kiryuu,q7kf93,211,
130401447052443648.00000,Grayfia Lucifuge,q7xfzq,211,
,Tobio Kageyama,0gwpg,211,
191412938492477440.00000,Sailor Moon,qkls44,208,
250785518156120064.00000,Tanjirou Kamado,q3r01h,206,
,Asuna,j84j0,206,
192137381627822080.00000,Ochako Uraraka,qh42k7,205,
570435941093605376.00000,Ganyu,q3r1v3,201,
121671514410975232.00000,Esdeath,qcljz6,201,
172136729950683136.00000,Monika,06vhhg,200,
121671514410975232.00000,Osamu Dazai,qwsqn2,198,
452129115575943168.00000,Shoyo Hinata,v3q9c9,195,
172136729950683136.00000,Junko Enoshima,vrr3m0,193,
,Sasuke Uchiha,v9cwnh,193,
371042880078348160.00000,Meiko Honma,vgggh5,191,
371042880078348160.00000,Kaguya Shinomiya,qd54r6,189,
172136729950683136.00000,Gray Fullbuster,vxrdzb,186,
,Qiqi,v202mt,186,
371042880078348160.00000,Runa Yomozuki,017pbb,185,
130401447052443648.00000,Nadeko Sengoku,qc15xz,185,
121671514410975232.00000,Mirio Togata,vmhtxh,184,
,Gon Freecss,v47pjb,184,
321284717427294208.00000,La Brava,qpt0z3,183,
,Lucy Heartfilia,qm8r90,183,
172136729950683136.00000,Mitsuri Kanroji,v5vxdv,183,
741451029601583232.00000,Minato Aqua,q4j881,183,
121671514410975232.00000,Mirko,qblf2x,181,
172136729950683136.00000,Kokichi Ouma,qmd2xr,181,
,War Hammer Titan,q5jjl5,179,
,Yumeko Jabami,0670qq,179,
,Kabane Kusaka,q5j49q,179,
192137381627822080.00000,Muichirou Tokitou,q8xls6,178,
172136729950683136.00000,Saber,q9klb0,178,
,Naofumi Iwatani,qhnn2m,176,
,Runa Yomozuki,0d5q5d,176,
500834994164596736.00000,Zhongli,q2mvtj,176,
121671514410975232.00000,Little Giant,qx31gd,176,
452129115575943168.00000,Hunter License,vbz3gr,175,
121671514410975232.00000,Kenma Kozume,vvw6lp,175,
130401447052443648.00000,Noelle,ql64m6,174,
707483431692402688.00000,Koutarou Bokuto,vtcnk5,174,
,Sora,qqb95x,173,
191412938492477440.00000,Kazuma Satou,0cf0nc,173,
121671514410975232.00000,Death Note,q04lpk,173,
,Tsukasa Yugi,qf247w,173,
654112539688435712.00000,Mammon,qwlrmm,171,
,Mai Sakurajima,qgp2z7,171,
,Goku,qm62c4,170,
172136729950683136.00000,Kaguya Shinomiya,vg6mb6,170,
468091758325006336.00000,Black Hanekawa,2r5qf,168,
192137381627822080.00000,Xiao,qjr3cz,168,
191412938492477440.00000,Killua Zoldyck,qwz6fp,168,
,Sabito,q1gtjt,168,
781493924422090752.00000,Zenitsu Agatsuma,v6d1tj,166,
121671514410975232.00000,Gold Experience Requiem,qq30ns,165,
371042880078348160.00000,Kaori Miyazono,q276mm,165,
121671514410975232.00000,Ren,qqpf9x,164,
,Jin Mori,6kg8g,164,
121671514410975232.00000,Sebastian Michaelis,07b6mq,163,
,Levi,0lh86p,161,
371042880078348160.00000,Reiner Braun,q8r5t0,161,
146321803797725184.00000,Kirito,qfd8ts,161,
130401447052443648.00000,Lucoa,vxpx2b,161,
191412938492477440.00000,Katsuki Bakugou,099z24,161,
,Violet Evergarden,q5fpj3,160,
146321803797725184.00000,Mona,qdf0wb,160,
468091758325006336.00000,Nino Nakano,qlk88m,160,
781493924422090752.00000,Chika Fujiwara,qvcjhg,160,
,Natsu Dragneel,qz65xm,160,
,Umaru Doma,vmrd2x,159,
121671514410975232.00000,Franken Stein,qqg39v,159,
191412938492477440.00000,Megumin,qwxkjz,159,
130401447052443648.00000,Kotoko Utsugi,qcjddt,158,
,Taiga Aisaka,qmtsqt,158,
191412938492477440.00000,Izuku Midoriya,q07qzl,158,
,Vegito,qqch7m,158,
286239866449035264.00000,Tooru Oikawa,qt7msv,158,
,Kyoujurou Rengoku,q59vp9,158,
191412938492477440.00000,Akame,qlm5xl,156,
191412938492477440.00000,Klee,q17c3j,156,
452129115575943168.00000,Rei Ayanami,0kwws4,155,
146321803797725184.00000,Yotsuba Nakano,qnqvnm,155,
371042880078348160.00000,707,qz44hd,154,
204774279190020096.00000,Nana Ebina,q9g6z6,153,
191412938492477440.00000,Koutarou Bokuto,0d10fk,151,
781493924422090752.00000,Rudeus Greyrat,q8z2ht,151,
130401447052443648.00000,Hestia,qrh9hq,151,
130401447052443648.00000,Ken Kaneki,07dbrd,151,
191412938492477440.00000,Akeno Himejima,01w1kt,151,
452129115575943168.00000,Caesar Zeppeli,vs134z,151,
192137381627822080.00000,Inori Yuzuriha,qnkc3l,151,
371042880078348160.00000,Chrollo Lucilfer,qz50g6,150,
191412938492477440.00000,Tensa Zangetsu,qj4n06,150,
191412938492477440.00000,Sailor Mars,qhwr1f,150,
130401447052443648.00000,Muhammad Avdol,q46k7q,150,
,Osamu Dazai,zt5w3,150,
,Kazuma Satou,vhg7kt,149,
,Howl,qvnghg,149,
130401447052443648.00000,Shinobu Handa,hmjhjd,148,
130401447052443648.00000,Kurumi Tokisaki,qwwn0t,148,
191412938492477440.00000,Reki Kyan,qpxrvp,146,
,Miku Nakano,qm8kwz,146,
191412938492477440.00000,Mitsuha Miyamizu,0bhstn,146,
,Umaru Doma,v3zpd6,146,
121671514410975232.00000,Tobio Kageyama,03dl6r,146,
,Tohru,0s6pj8,145,
191412938492477440.00000,Kyoujurou Rengoku,q4x6xk,145,
,Erina Nakiri,0ftxwm,145,
172136729950683136.00000,Mash Kyrielight,vdkgf7,145,
121671514410975232.00000,Nekomata Okayu,qg269d,145,
371042880078348160.00000,Zeref,qkmcqf,144,
130401447052443648.00000,Natsu Dragneel,qd4v8t,144,
452129115575943168.00000,Menacing Spoon,vtmx1k,144,
,Jotaro Kujo,qk0qfk,144,
459503897594167296.00000,Hanako,vxd0qd,143,
191412938492477440.00000,Jin Mori,qbrc4r,143,
130401447052443648.00000,Shiro,0935sv,141,
121671514410975232.00000,Yu Nishinoya,qfd5z8,141,
130401447052443648.00000,Minato Aqua,07qzp1,141,
,Rimuru Tempest,q5bb6k,141,
,Nagito Komaeda,09prj9,141,
,Usada Pekora,qk5sgx,140,
121671514410975232.00000,Kei Tsukishima,q3fdhk,140,
452129115575943168.00000,Hiyori Iki,v1c611,139,
191412938492477440.00000,Sumi Sakurazawa,vs68x0,136,
130401447052443648.00000,Tejina-sempai,qkmvqx,136,
464248237415727104.00000,Jin Mori,q1rlzv,135,
191412938492477440.00000,Filo,0xlthj,135,
130401447052443648.00000,Mitsukuni Haninozuka,q7z2p2,134,
562285917050634240.00000,Venti,qr6jtw,134,
,Tamaki Suoh,q4gwr2,133,
,Mano Aloe,0pp6x3,133,
121671514410975232.00000,Meiko Honma,qlkp01,133,
130401447052443648.00000,Rukia Kuchiki,q283v1,131,
130401447052443648.00000,Satanichia Kurumizawa McDowell,qbzk18,131,
172136729950683136.00000,Inverse Origami,qnqqhs,131,
121671514410975232.00000,Rio Nakamura,q9rk4w,130,
371042880078348160.00000,Ruka Sarashina,q1j0hp,129,
146321803797725184.00000,Portgas D. Ace,07n18j,129,
659966929724899328.00000,Filo,06kntp,129,
,Shino Asada,q4d9dh,129,
130401447052443648.00000,Mia Karnstein,q3kn8n,128,
130401447052443648.00000,Ai Miyashita,q0v56p,128,
,Mai Sakurajima,0c7s35,128,
191412938492477440.00000,Zenitsu Agatsuma,q3ql58,126,
130401447052443648.00000,James,qrk30c,125,
,Taek Jegal,q5wkxg,125,
,Maple,q1x86n,123,
321284717427294208.00000,Naoyasu Kuguri,qrhwsj,123,
371042880078348160.00000,Fox,q80qjm,120,
,Ren Amamiya,0ssflt,118,
,Marianne von Edmund,qqn1jz,116,
,Mai Sakurajima,q2l28x,115,
,Goro Akechi,vlmwgs,113,
204774279190020096.00000,Felt,q9zn08,111,
,Mitsuri Kanroji,qzxg2c,111,
722948217624461312.00000,Zen,q3kjph,110,
121671514410975232.00000,Igneel,0s42gv,110,
130401447052443648.00000,Ichiban Kasuga,q9z6sv,110,
452129115575943168.00000,Yoshiko Tsushima,q1rfts,108,
371042880078348160.00000,Yoshinobu Gakuganji,qttxh2,105,
121671514410975232.00000,Kota Izumi,q93tlz,105,
,Fox,qqtjfr,105,
452129115575943168.00000,Yona,0vckth,105,
192137381627822080.00000,Hirotaka Nifuji,qtwq2v,105,
121671514410975232.00000,King,qqb2kg,104,
,Erimi Mushibami,0sdffm,103,
191412938492477440.00000,AA-2153,q4jqw1,103,
334170191074295808.00000,Armin Arlert,qg59px,101,
130401447052443648.00000,Fitoria,qx305x,100,
121671514410975232.00000,Rachel,qtdz1k,100,
371042880078348160.00000,Dark Shadow,qt0d71,100,
121671514410975232.00000,Shouko Nishimiya,q537hs,99,
,Shouto Todoroki,0rk5jd,99,
,Leone Abbacchio,qt8bfc,99,
371042880078348160.00000,Rio Kamichika,qlxrwj,98,
121671514410975232.00000,Mephisto Pheles,0dhh1q,96,
130401447052443648.00000,Edward Newgate,qfsh0p,96,
130401447052443648.00000,Mimikyu,q32175,95,
452129115575943168.00000,Mikan Tsumiki,vst1nf,95,
316247478405955584.00000,Komugi,q86348,95,
130401447052443648.00000,Baymax,qrp070,95,
,Himiko Yumeno,qwgz38,94,
371042880078348160.00000,Mari Ohara,q861zx,94,
452129115575943168.00000,Shigeo Kageyama,vxpnfx,94,
121671514410975232.00000,Flayn,qhfm2l,93,
121671514410975232.00000,Tieria,h0m2p1,93,
722948217624461312.00000,L,qm6792,91,
130401447052443648.00000,Cattleya Baudelaire,qxv1sf,91,
130401447052443648.00000,Nagito Komaeda,qfkr9f,91,
130401447052443648.00000,Sistine Fibel,qc6x0g,91,
644919947004215296.00000,Meliodas,qhxxlq,91,
,Roy Mustang,04kw4s,91,
146321803797725184.00000,Shingo's EG6 Civic,q3bzzz,91,
130401447052443648.00000,Ran,q1dnc8,90,
321284717427294208.00000,Saya Takagi,qftmjd,89,
,Yu Narukami,q9hffg,89,
,Scottish Fold Bananya,0s1r1l,89,
,Shoyo Hinata,qz3tvl,89,
121671514410975232.00000,Osamu Miya,vh0mz7,89,
,Koutarou Bokuto,f4v5,88,
,Ken Kaneki,q1tl40,88,
191412938492477440.00000,Illyasviel von Einzbern,q1v67l,88,
521334771813449664.00000,Osamu Dazai,0st754,88,
121671514410975232.00000,Stand Arrow,qvttlv,88,
191412938492477440.00000,Nea Walker,q758r1,88,
204774279190020096.00000,Zenitsu Agatsuma,0ndt8v,88,
452129115575943168.00000,Kiyoko Shimizu,0l6cg3,86,
89475384986312704.00000,Tomura Shigaraki,qlszzp,86,
130401447052443648.00000,Index,qzlv7h,86,
121671514410975232.00000,Noriaki Kakyoin,0hbjh3,86,
,Arthur Boyle,qztffm,86,
121671514410975232.00000,Iskandar,q05nlv,86,
321284717427294208.00000,Nemu Aohitsugi,q4chq4,85,
707483431692402688.00000,Yu Nishinoya,0h1glr,85,
318988466966757376.00000,Panther,q4jxbw,85,
,Sasuke Uchiha,0qrl3j,85,
588990868988362752.00000,Gazel Dwargo,qtbbm4,85,
130401447052443648.00000,Nami,q4fxvj,85,
121671514410975232.00000,Jotaro Kujo,07bcxq,85,
722948217624461312.00000,Saitama,qpb9v2,85,
,Akeno Himejima,q1s3tt,85,
121671514410975232.00000,Phil,vnfspd,84,
191412938492477440.00000,Nakiri Ayame,qnlcxw,84,
,Asuka Langley Soryu,v9qplw,84,
,Gon Freecss,qbr5s1,84,
,Subaru Natsuki,0gp3vx,84,
,Violet Evergarden,qnxz8w,84,
,Shouko Nishimiya,q1367c,83,
,Chitoge Kirisaki,0kkn3s,83,
121671514410975232.00000,Violet Evergarden,q5k2cv,83,
191412938492477440.00000,Gyoumei Himejima,d03sb,83,
,Cart Titan,q1bv25,83,
,Kirumi Tojo,0s5jkm,83,
146321803797725184.00000,Hung,q1jj3b,81,
371042880078348160.00000,Reiner Braun,00zbwh,81,
452129115575943168.00000,Chongyun,02nxqh,81,
,Paimon,qhwpnz,81,
,Hisoka,qpbchx,81,
191412938492477440.00000,Hajime Iwaizumi,qd2bcr,81,
,Xiao,q4mww1,81,
191412938492477440.00000,Chizuru Mizuhara,v5z2kw,81,
121671514410975232.00000,Sebastian Michaelis,qb9m1b,81,
,Leorio Paladiknight,q1f1d7,80,
316247478405955584.00000,Zhongli,qzfhmb,80,
321284717427294208.00000,Elizabeth (Savage Tribe),qrv6nr,80,
323915919887958016.00000,Jean Pierre Polnareff,06w8n7,80,
130401447052443648.00000,Kurumi Tokisaki,qj2grx,80,
121671514410975232.00000,Anastasia Hoshin,q1nd37,80,
146321803797725184.00000,Kisara Himeno,qnd2d3,80,
,Pakkun,q06621,80,
,Naruto Uzumaki,qpms18,80,
452129115575943168.00000,Isla,0qbwcq,79,
452129115575943168.00000,Nao Tomori,vrxg6q,79,
,Leone,q0jjsv,79,
292730384016474112.00000,Tobio Kageyama,qllrv5,78,
191412938492477440.00000,Sakura Miko,0b3xp4,78,
191412938492477440.00000,Park Ilpyo,qbn8rc,78,
452129115575943168.00000,Inuyasha,0ftv0c,78,
,Xiao,qz11j0,76,
121671514410975232.00000,Watchdog Man,qrfmck,76,
146321803797725184.00000,Jang Jangmi,q4vr36,76,
,Izuku Midoriya,07nl81,76,
146321803797725184.00000,Stitch,qgv7fc,76,
130401447052443648.00000,Goku Black,qzh1s7,76,
,Senkuu,qnl811,75,
452129115575943168.00000,Jean Pierre Polnareff,v125fk,75,
423991187326894080.00000,Crow,qqfw46,75,
,Albedo,qk0k9t,75,
,Umaru Doma,0ztj7k,74,
,Zenitsu Agatsuma,q5lk53,74,
121671514410975232.00000,Nagisa Hazuki,0drjm6,74,
371042880078348160.00000,Noelle Silva,09jrxl,74,
,Ganyu,q1c2v5,73,
121671514410975232.00000,Kisuke Urahara,0sxztl,73,
191412938492477440.00000,Sailor Saturn,qk600x,73,
121671514410975232.00000,Takeshi Aiza,0ctk7v,73,
,Motoya Komori,q4c6pl,73,
121671514410975232.00000,Sonia,qb1kqs,73,
121671514410975232.00000,Nana Hiiragi,q49jb2,71,
,Iori Yamato,q183hc,71,
,Yu Narukami,q9nhc0,71,
371042880078348160.00000,Robin Hood,q22hzp,71,
452129115575943168.00000,Noriaki Kakyoin,08s3t3,71,
371042880078348160.00000,Kurisu Makise,0wz3nt,71,
,Uruha Rushia,q8vmpd,70,
,Riku Nanase,q5n8v4,70,
191412938492477440.00000,Usagi Tsukino,0lg579,70,
192137381627822080.00000,Yuno,046f20,70,
191412938492477440.00000,Keqing,v704mh,70,1615361509.17400
146321803797725184.00000,Sailor Saturn,qgt81p,69,
,Zack,0xn0b8,69,
121671514410975232.00000,Kenma Kozume,qnlw0c,68,
121671514410975232.00000,Lisa Lisa,qhkvsg,68,
778272479302516608.00000,Obanai Iguro,v0l20s,67,1616497506.93200
371042880078348160.00000,Uruha Rushia,qzpqzv,66,
,Shiki Tademaru,qjbcxk,66,
,Shea Haulia,q0w7gf,66,
,Shiro,v9kd4z,66,1614290481.37700
,Mega Rayquaza,qk1vlv,66,
,Kisuke Urahara,qkbdg0,66,
191412938492477440.00000,Bengal Bananya,qdjr6r,66,
371042880078348160.00000,Captain Falcon,qjjxlm,66,
191412938492477440.00000,Sailor Chibi Moon,q5hz4n,65,
,Tamaki Suoh,q4c648,65,
191412938492477440.00000,Mami Nanami,0t8xsd,65,
,Mash Kyrielight,q47cjs,65,
,Vinegar Doppio,q1g7f8,65,
,The World,qzkv4q,65,
121671514410975232.00000,Alfred Jarvis Pennyworth,qwgxq9,65,
,Monika,qr8bt5,65,
,Donald Duck,qbvkh0,64,
146321803797725184.00000,Yuusei Fudou,qhp640,64,
121671514410975232.00000,Stamp Cat,q469tj,64,
191412938492477440.00000,Rimuru Tempest,qj1819,64,
,Pain,0z84q7,64,1615036849.42500
130401447052443648.00000,Reginn,qmkhzc,63,
,Nishio Nishiki,q9nds7,63,1614793491.51500
168463671666671616.00000,Hisoka,q283ql,62,1614691196.37200
,Azura,q24f90,61,
121671514410975232.00000,Nifa,qrwrp0,61,
,Lipia Zancale,737,60,
371042880078348160.00000,Iruka Umino,qjnntm,60,
,Moomin,qjnl0d,60,
,Silver Chariot,07dq8w,60,
452129115575943168.00000,Kyoya Ootori,vdnc80,60,
121671514410975232.00000,Alfonse,q2cnq6,60,
146321803797725184.00000,Gendo Ikari,06lhvm,59,
371042880078348160.00000,Makoto Yuuki,0kvhcp,59,
121671514410975232.00000,Nagato,qn78bm,59,
130401447052443648.00000,Natsu Dragneel,z2q9z,59,1615261449.25700
,Link,qjwd44,58,
,Nakime,qqjfhp,56,
,Glaceon,qhnx05,56,
191412938492477440.00000,Midari Ikishima,qf837p,56,
130401447052443648.00000,Mikoto Urabe,0c0kc5,56,
707483431692402688.00000,Tooru Oikawa,jrpq3,56,1614832126.35400
321284717427294208.00000,Arukanu,qtqtll,56,
,Wolt,066lhm,56,
,Hanako,4kjzb,55,1615501439.33900
,Pingu's Grandfather,0cq46z,55,
191412938492477440.00000,Calcifer,vp5k74,55,
192137381627822080.00000,Fumi Hoshiya,q9130r,54,
,Mona,vtjg4q,54,1613790830.58800
371042880078348160.00000,Mei Kusakabe,q126xf,54,
130401447052443648.00000,Natsuki Minamiya,qfq6d1,54,
168463671666671616.00000,Meliodas,ll9fp,54,1615209621.54300
371042880078348160.00000,Ling Yao,vl593b,53,
366290750301798400.00000,Shiro,0zrpf6,53,1615642866.36000
146321803797725184.00000,Lilith Asami,qj7775,51,
,Sayuri Hanayori,qzfg18,51,
130401447052443648.00000,Sailor DJ,q26cwz,51,
191412938492477440.00000,My Melody,q2htx5,51,
204774279190020096.00000,Zenitsu Agatsuma,vbckd9,51,
130401447052443648.00000,Haru Okumura,qkjnxp,51,
,Sandra,qmbd9k,51,
,Jean,qqvm8x,51,
,Zero Two,08pft6,51,1616421119.46800
,Keroberos,q02xtd,51,
,Melissa Shield,0cx9qv,50,
121671514410975232.00000,Elizabeth Liones,qtdtl0,50,
,Gengar,qw7mkc,50,
,Singing Jigglypuff,q1lctq,50,
121671514410975232.00000,Charlotte,q35t4j,50,
,Ilse Langner,qwrf8k,50,
121671514410975232.00000,Shishiro Botan,0ddk9x,50,
,Killua Zoldyck,0vw934,50,1614706814.06600
,Panther,qhfvjk,50,
,Tsukasa Yugi,v83r0d,50,
,Ryuu Yamada,q5t2hx,49,
121671514410975232.00000,Pico,q2xst5,49,
191412938492477440.00000,Little Giant,qz6xpp,49,
191412938492477440.00000,Bruno Bucciarati,q96wkf,49,
130401447052443648.00000,Donald Trump,qbsxjk,49,
192137381627822080.00000,Killua Zoldyck,v76bjg,49,1616660513.11100
781493924422090752.00000,Houshou Marine,0svk3d,49,
192137381627822080.00000,Asta,vrw4l5,49,
588990868988362752.00000,Ging Freecss,qtpmf3,49,
130401447052443648.00000,Mika,qfjsqm,49,
,Zoro Roronoa,q1ds6d,49,
130401447052443648.00000,Mantyke,0cgrgf,48,
371042880078348160.00000,AZKi,q737s9,48,
321284717427294208.00000,Tenya Iida,qlhpd2,48,
121671514410975232.00000,Tanaka Ichi,qzj7pp,48,
121671514410975232.00000,Satori Tendou,qgh4zf,48,
191412938492477440.00000,Sanemi Shinazugawa,qvfjpc,48,
191412938492477440.00000,Shinobu Kochou,0sw950,47,1614689033.00200
121671514410975232.00000,Dio Brando,q493v0,47,1615566600.05800
,Tomura Shigaraki,0xrcd4,47,1615512931.17400
262726274101936064.00000,Shiro,qzkktq,46,
121671514410975232.00000,Shanks,0tljtr,46,
146321803797725184.00000,Tomoya Okazaki,qvq0rm,46,
192137381627822080.00000,Gray,qfj3kw,46,
371042880078348160.00000,Naruto Uzumaki,q7b7hl,46,
,Sakura Miko,qjlpds,46,
,Giyuu Tomioka,q5grjr,46,1615209703.45700
371042880078348160.00000,Muichirou Tokitou,q73k38,46,
371588536526176256.00000,Xiangling,qrzg82,46,
371042880078348160.00000,Hasuki Komai,qz5bqb,46,
,Gaara,0dp1w5,46,
146321803797725184.00000,Ozen,q2vg92,45,
371042880078348160.00000,Ganyu,qlz740,45,
707483431692402688.00000,Asuna,qvtx65,45,
,Akihiko Kaji,0s4kpb,45,
146321803797725184.00000,King,q4wl12,45,
,Akame,q4027b,45,
,Kuroyukihime,0cjjl2,45,
371042880078348160.00000,Rise Kujikawa,qkvsf0,45,
130401447052443648.00000,Klee,q5bsl7,45,
,Levi,qkzn3c,45,
,Wise,qm5m3b,45,
,Gaara,05c3g7,45,
,Frost,q45rr5,45,
121671514410975232.00000,Anya Dostoyevskaya,qmq20j,45,
121671514410975232.00000,Natsuki,qmxxlr,45,
,Xiao,0knqdl,45,
192137381627822080.00000,Zhongli,qgxl9q,45,
121671514410975232.00000,Darios,qwpv18,45,
192137381627822080.00000,Erza Scarlet,q4vff0,44,
191412938492477440.00000,Leorio Paladiknight,qmnz8s,44,
,Giorno Giovanna,0sdwrk,44,
,Razor,q1th6t,44,
191412938492477440.00000,Sabito,0xm2cr,44,
121671514410975232.00000,Jibril,hv2cws,44,
121671514410975232.00000,Ryunosuke Tanaka,qjdkt5,44,
659966929724899328.00000,Naofumi Iwatani,q306vf,44,
191412938492477440.00000,Raphtalia,vf5bh1,44,
130401447052443648.00000,Tsukasa Yuzaki,qnxztt,44,
146321803797725184.00000,Entoma Vasilissa Zeta,qzpbnx,43,
,Stormterror,q5w6jc,43,
,Illumise,qnxvjv,43,
321284717427294208.00000,Kakyoin's Cherry,qwkgf8,43,
371042880078348160.00000,Hime Arikawa,q52s7g,43,
,Akatsuki,q1b7b1,43,
146321803797725184.00000,Slaine Troyard,q39lhr,43,
321284717427294208.00000,Hestia,q59dbz,43,
,Natsuki,qvh4bn,43,
121671514410975232.00000,Adolf Hitler,05pc3,43,
,Momo Yaoyorozu,qj31ng,43,
,Jonathan Joestar,qzt1x7,43,
146321803797725184.00000,Last Rider Krau,qnshzx,43,
130401447052443648.00000,Momon,qd3wwt,43,
371042880078348160.00000,Juuzou Suzuya,qmbdgl,43,
191412938492477440.00000,Kanae Kochou,q31khf,43,
130401447052443648.00000,Hypnos,q067w6,41,
146321803797725184.00000,Filo,qbfdln,41,1614879494.86800
191412938492477440.00000,Hestia,q03ff2,41,
761850452114538496.00000,Asuna,0x3hxd,41,1614646990.76600
673372683509039104.00000,C.C.,q4jfmf,41,
,Nekomata Okayu,qkcs30,41,
371042880078348160.00000,Greed,0pkpsq,41,
121671514410975232.00000,L,q17q7h,41,
,Hideki Hinata,0xmx11,41,
191412938492477440.00000,Inugami Korone,0z20lw,41,
192137381627822080.00000,Luck Voltia,q0kln7,41,
,Zhongli,0sp4mp,41,
672163315295846400.00000,Levi,qz5w96,41,
191412938492477440.00000,Elaina,qzz722,41,
,Hisoka,qhwsvt,41,
,Eijirou Kirishima,06tmmm,41,
654112539688435712.00000,Adolf Hitler,vb3nrz,41,
146321803797725184.00000,Escanor,q4vt7w,41,
371042880078348160.00000,Himiko Toga,q3xsbn,41,
192137381627822080.00000,Klee,01w29b,41,
316247478405955584.00000,Denki Kaminari,qkvsts,41,
130401447052443648.00000,Momo Yaoyorozu,q35k6f,41,1615736635.79400
371042880078348160.00000,King Dedede,qzdv66,40,
,Inugami Korone,0z4hg6,40,
,Fox,qz90vc,40,
130401447052443648.00000,Sailor Saturn,qnzsnf,40,
,Mina Ashido,0739mg,40,
146321803797725184.00000,Yoriichi Tsugikuni,qvjd5p,40,
191412938492477440.00000,Levi,qfznxz,40,
121671514410975232.00000,Alphonse Elric,vx9lr3,40,
,Syaoran Li,0ch119,40,
,Panther,q4wcrk,40,
,Ren Amamiya,0bhpfb,40,
191412938492477440.00000,Porco Galliard,qh6f2x,40,
,Arataka Reigen,q093zm,40,
,Aqua,06x82c,40,
191412938492477440.00000,Meliodas,q908sq,39,
121671514410975232.00000,Akeno Himejima,qlml6r,39,
191412938492477440.00000,Zhongli,qh23k0,39,
,Zweilous,qjtn8m,39,
121671514410975232.00000,Xerneas,q9nt39,39,
,Rosaria,qzstxf,39,
371042880078348160.00000,Queen,qwmdl8,39,
121671514410975232.00000,Rin Tohsaka,q14pjm,39,
191412938492477440.00000,Makomo,q44zw3,39,
247119854849622016.00000,Inugami Korone,qgmhpb,39,
130401447052443648.00000,Pingu,qr5jgq,39,
659966929724899328.00000,Happy,q92tkb,39,
371042880078348160.00000,Sei Handa,qrq4w9,39,
,Esdeath,qpd9w2,39,
,Galvantula,qq45nl,39,
191412938492477440.00000,Tuxedo Mask,q2hrwb,39,1615397700.85000
,Erina Nakiri,0t86b8,39,
104392854465417200.00000,Yu Narukami,q7vgk5,39,
191412938492477440.00000,Aether,qrnpld,39,
,Somali,qjm4bl,38,
191412938492477440.00000,Tirpitz,q9sbww,38,
371042880078348160.00000,Sasuke Uchiha,q4whmh,38,
191412938492477440.00000,Leviathan,0438vt,38,1616135152.89000
121671514410975232.00000,Jonathan Joestar,0gppts,38,
121671514410975232.00000,Atomic Samurai,q6vbm0,38,
146321803797725184.00000,Bennett,064gb1,38,1614965865.43400
,Mitsuri Kanroji,06vj6q,38,
121671514410975232.00000,Sou Inuoka,ql530t,38,1616986686.60700
191412938492477440.00000,Erza Scarlet,03x2w2,38,
146321803797725184.00000,Kurumi Ebisuzawa,qbfmjh,38,
,Sae Niijima,q9t2cf,38,
371042880078348160.00000,Roy Mustang,0n3q64,38,
,Shiranui Flare,qpt966,38,
172136729950683136.00000,Sailor Venus,qb166v,38,1614231066.82200
,Killua Zoldyck,vdqsmv,37,1613943306.38400
321284717427294208.00000,Madame Muchmoney's Snubbull,qp4z6f,36,
371042880078348160.00000,Nobume Imai,qg2vjz,36,
,Mina Ashido,q4q928,36,
146321803797725184.00000,Vanille Dia Oerba,qjvq4f,36,
130401447052443648.00000,Macrophage,q9jqdp,36,
130401447052443648.00000,Aruto Hiden,qdb1cw,36,
371042880078348160.00000,War Hammer Titan,qtvcmf,36,
644919947004215296.00000,Echidna,q9k82h,36,
191412938492477440.00000,Sailor Mercury,q51p19,36,
,Howl,v0nrtz,36,
321284717427294208.00000,Lion's Head,q71zq2,36,
,Hanako,q49cwh,36,
130401447052443648.00000,Naruto Uzumaki,qzghmt,36,1615254122.47800
130401447052443648.00000,Kenaga Bananya,qf1vgp,36,
146321803797725184.00000,Aerith Gainsborough,q17v88,36,
259865645401768000.00000,Sanemi Shinazugawa,vjs6vl,36,1615969611.08700
781493924422090752.00000,Killua Zoldyck,qbv0d6,36,
130401447052443648.00000,Vigoroth,07ng6d,35,
,Taki Tachibana,q32qzf,35,
172136729950683136.00000,Kyoujurou Rengoku,04wnd0,35,1613950809.86400
321284717427294208.00000,Korai Hoshiumi,q8vdlx,35,
121671514410975232.00000,Sabito,qxwlnp,35,1616726743.40500
,Anna Nishikinomiya,qmf4p9,35,
,Tokino Sora,0p50l6,35,
146321803797725184.00000,Kousei Arima,06lhv0,35,
371042880078348160.00000,Yuri,qfc70j,35,
,Ai Mikami,qmvbdr,35,
,Robby,0d1hv2,35,
146321803797725184.00000,Watchdog Man,qz2r13,34,
,Inosuke Hashibira,q5jcjw,34,1614968707.82100
371042880078348160.00000,Uruka Takemoto,qr0fcj,34,
,Naruto Uzumaki,qqlb8d,34,1614974190.21100
,Noir,q5lx5d,34,
191412938492477440.00000,Pit,q1dnxz,34,
,Kou Minamoto,qw4f7b,34,
371042880078348160.00000,Mio Akiyama,ql87vl,34,
130401447052443648.00000,Poisson,qpt0n9,33,
,Nan,q1g75t,33,
130401447052443648.00000,Silas,qr3g8z,33,
,Alice Synthesis Thirty,q1cn9p,33,
191412938492477440.00000,Yumi Hinode,q3mgnn,33,
192137381627822080.00000,Katsuki Bakugou,v6xv0g,32,1614501458.84500
130401447052443648.00000,Lucina,qrdnnp,32,1615980441.66600
,Rin Okumura,0c6bz8,32,1614046170.98300
130401447052443648.00000,Kaburamaru,q5h3bs,32,1616023470.95500
146321803797725184.00000,Isla,qg07s7,31,
130401447052443648.00000,Holo,qwm20q,31,
191412938492477440.00000,Aqua,q4hhjn,31,1615550132.12700
121671514410975232.00000,Lan Fan,qpmss3,30,
371042880078348160.00000,Natsuki Moriyama,qp9hr7,30,
,Sucy Manbavaran,qh72lt,30,
121671514410975232.00000,Bertholdt Hoover,hmm3nm,30,
371042880078348160.00000,Shirogane Noel,qbz7gb,30,1614189815.59400
130401447052443648.00000,Oozora Subaru,vtv1n0,30,1616239655.42000
146321803797725184.00000,Sebas Tian,qh728c,30,
,Rin Tohsaka,0mpfk7,30,1614649750.51000
,Miku Nakano,qnc9mh,30,
121671514410975232.00000,Tooru Oikawa,05cz06,29,1615603613.93900
130401447052443648.00000,Haruhi Suzumiya,qfnljn,29,
,Usada Pekora,0bhjlb,29,1614399100.17000
,Anos Voldigoad,qv1b03,29,
,Takane Hibino,q4b5zn,29,
146321803797725184.00000,Francis Scott Fitzgerald,q861z7,28,
,Kaori Miyazono,0f0qjx,28,1613973208.80900
371042880078348160.00000,Mutsu,qfjx86,28,
371042880078348160.00000,Reborn,qb6xdv,28,
,Celestial Mercedes,qnxwv9,28,
,Shinichi Izumi,qnm79r,28,
,Mikoto Rindou,qw7rcl,27,1615123179.95100
,Yami Sukehiro,qz00cq,27,1615147790.18000
371042880078348160.00000,Skull,qjwjjn,27,1615160565.22500
,Korilakkuma,qv35hj,26,
,Gilgamesh (Caster),q1cn9g,25,
,Maple,qz16c3,25,
,Tamaki Amajiki,q1fdm7,24,
371042880078348160.00000,Duel Disk,q5x27r,24,
121671514410975232.00000,C.C.,qvdbrc,24,
121671514410975232.00000,Tsubasa Ibuki,q9nt9w,24,
,Ray,06r5xm,24,1613859142.53900
130401447052443648.00000,Sakura Kono,qqlzvd,24,
,Electabuzz,qzzxtd,24,
,Regulus Corneas,qzpbnt,23,1615217430.40500
588990868988362752.00000,Giuliano Flip,q901sr,23,
,Lilith,q5k9kv,23,
,Kusuo Saiki,q7ng5d,23,
191412938492477440.00000,Sailor Venus,qwx16x,23,
121671514410975232.00000,O-Tama,qcbf33,23,
121671514410975232.00000,Katsuki Bakugou,q3c56c,23,
121671514410975232.00000,Troublemaker Crozet,qrb3n2,22,1613878713.02000
,Neco-Arc,qjxdf6,21,
191412938492477440.00000,Keqing,0x32mp,21,
,Mano Aloe,qnpqm4,21,
121671514410975232.00000,Ai Hinatsuru,qtm7qn,21,
,Nayuki Minase,0761hb,21,
121671514410975232.00000,Tokoyami Towa,064qlk,21,
191412938492477440.00000,Unknown,qfw3bl,21,
,Yuuna Yunohana,q1cn9r,21,
121671514410975232.00000,Minerva,qp8528,21,
,Darkness,qlhzq3,21,
121671514410975232.00000,All Might,0tqcx2,21,
121671514410975232.00000,Houshou Marine,qcjdkn,20,
130401447052443648.00000,Rukia Kuchiki,qlx1rz,20,
130401447052443648.00000,Tokarev,qjlmgg,20,
,Stormterror,qzwfs2,20,
,Fischl,07l2ck,20,
130401447052443648.00000,V,0xgpwk,20,
192137381627822080.00000,Minato Namikaze,qh0z9s,20,1615191801.25300
,Klee,0xkh8z,19,1615190491.63100
,Mondo Oowada,qmtnv6,19,
121671514410975232.00000,Reiner Braun,qw4fs3,19,
,Bahamut,q19h8c,19,
191412938492477440.00000,Sailor Jupiter,qhp1sz,19,
167847691068506112.00000,Takeharu Kirijo,qlzp9c,19,
,Charlie,q17qdt,19,
,Maki Zenin,qfmn70,19,
121671514410975232.00000,Betelgeuse Romanee-Conti,q9jp2r,19,
191412938492477440.00000,Zack,0svkbn,19,
,Mio Naganohara,07njsl,18,1613696111.66100
146321803797725184.00000,Zodd,0dqj1x,18,
121671514410975232.00000,Roy Mustang,qlt2m9,18,
,Rei Ayanami,06dw0k,18,
174926679741825024.00000,Yu Narukami,q91sn3,18,
,Shibisu,061z78,18,
,Yuki Sohma,0pxjwx,18,
,Ren Amamiya,qjqhkf,18,
191412938492477440.00000,Khun Aguero Agnis,qn6dsh,18,
,Yoosung Kim,q4ch08,18,1615083229.82600
,Yuuji Terushima,03dbjq,18,
146321803797725184.00000,Rias Gremory,q9rwcs,17,1615513017.24100
371042880078348160.00000,Aigis,0lj9zg,17,1615730876.51000
121671514410975232.00000,Gilgamesh,qkclm2,16,1615345080.51800
,Elaina,q22hz0,16,1614008964.30600
,Rama,qpwr3x,16,
,Usada Pekora,q565g2,16,
121671514410975232.00000,Regulus Corneas,vmsh4t,16,
371042880078348160.00000,Ryuji Sakamoto,0h4scp,16,
192137381627822080.00000,Yuri Plisetsky,q982d9,16,
371042880078348160.00000,Pok√© Flute,q133v2,16,1615582651.25100
121671514410975232.00000,Nodoka Toyohama,q9jtrv,16,
121671514410975232.00000,Atsumu Miya,q11shv,15,
,Kuromi,q4k997,15,
,Riolu,qjb0bp,15,1614857256.21000
,Kyoukotsu,qz01m1,15,
,Ash's Tepig,q4d9dq,14,
,Babidi,qhr4j6,14,
,Raetsel,q571mc,14,
121671514410975232.00000,Hawks,q6gqk7,13,
,Fischl,qpnftv,13,
146321803797725184.00000,Lyse Hext,q35gfn,13,
,Air,q5xhk6,13,
121671514410975232.00000,Tetsurou Kuroo,qzcws8,13,
,Rimuru Tempest,qp852c,13,
121671514410975232.00000,Kanata Hoshijima,qr3knx,13,
130401447052443648.00000,Pubic Hair,qg0ph3,13,
,Gluttony,qjtql7,12,1614699079.64800
,Aether,qzzjr3,11,
,Leafeon,qvkxf5,11,
121671514410975232.00000,Basil Hawkins,q18mh5,11,
,Reina Otori,q1pflh,11,
,Tetsuzaemon Iba,qv3gdv,11,
191412938492477440.00000,Obanai Iguro,q93g9m,10,
130401447052443648.00000,Jesus Christ,0tc71z,9,
,Sperm Cell,qmwrb1,8,
130401447052443648.00000,Tombo,qfzrbp,8,
,Sakura Kirishima,q4hd22,8,
,Kuro-chan,qw9qhp,8,
121671514410975232.00000,Kiyoh Bachika,qfpdns,6,
156545729853128704.00000,Takumi Aldini,qrws9n,6,
,Shuusei Kagari,qw047x,6,
,Lunala,v7m6g2,6,
,Dominic,qz6t73,6,
192137381627822080.00000,Saki Izumo,qgqwbv,6,
146321803797725184.00000,Joe Yabuki,0twxgq,5,
121671514410975232.00000,Madoka Wakamatsu,q36xtt,5,
,Offmon,1253,5,
130401447052443648.00000,Yoshiko Kouenji,06zqqw,5,
121671514410975232.00000,Shovel-kun,qn7j89,5,
371042880078348160.00000,Aramis,q39lwg,4,
121671514410975232.00000,Haguruma,q8d2mg,4,
130401447052443648.00000,Saraana,q9ws5k,4,
121671514410975232.00000,Miles,q9n34j,4,
,Fatton's Mother,q402gb,4,
121671514410975232.00000,Kite,qrzhr5,4,
,Aomi Yanagisako,0c1sm4,4,
,Brick,qhk7wh,4,
,Susuwatari,qq0vfw,4,
,Rachel,qq6kkg,4,
130401447052443648.00000,Misuzu Kamio,06n806,4,
,Namie Yaguchi,qzbmtn,1,
,Kokoro Yotsuba,qp8999,1,
130401447052443648.00000,Popo's Mother,0dn7qr,1,
121671514410975232.00000,Mihoshi Tachibana,qgmppt,1,
610629698921299968.00000,Katya Eskevna Honda,1116,1,
,Mother,qzjm5j,1,
425017139649314816.00000,Adam's Mother,0c34n,0,
,Lau,qz61gp,0,
,Azusa Shiga,qp58wq,0,
,Gori Rider,qz59j1,0,
,Yama Rikudo,qzfnxz,0,
