requestedBy,timeRequested
371042880078348291,1612991284
119155392776372224,1614287284
809504510162501644,1612921431
89475384986312704,1613958231
Initialiser,1614478774.58819
121671514410975233,1615064338.4219313
121671514410975233,1615085490.25500
121671514410975233,1615085674.16900
121671514410975233,1615088557.13200
121671514410975233,1615088677.89700
121671514410975233,1615088876.43500
121671514410975233,1615214914.70200
121671514410975233,1615252228.45000
121671514410975233,1615252654.54800
121671514410975233,1615253050.13200
89475384986312704,1615254342.91400
121671514410975233,1615297084.76100
121671514410975233,1615303853.87900
121671514410975233,1615303884.60700
121671514410975233,1615303921.98800
121671514410975233,1615303944.34500
121671514410975233,1615303958.02200
130401447052443649,1615324284.92600
121671514410975233,1615337324.77700
119155392776372224,1615496934.99600
89475384986312704,1615502321.81700
121671514410975233,1615514381.22400
121671514410975233,1615514626.90400
191412938492477440,1615503600.42600
191412938492477440,1615539652.70600
121671514410975233,1615552156.28600
121671514410975233,1615552493.62500
130401447052443649,1615583120.31600
191412938492477440,1615586819.75700
130401447052443649,1615587336.91900
121671514410975233,1615599258.33900
121671514410975233,1615599300.97700
121671514410975233,1615599357.82000
121671514410975233,1615599449.11600
121671514410975233,1615599980.48300
130401447052443649,1615600299.20100
121671514410975233,1615601476.89600
121671514410975233,1615601523.78000
130401447052443649,1615601743.04100
121671514410975233,1615602108.37500
121671514410975233,1615603222.22100
121671514410975233,1615603274.98800
321284717427294208,1615599393.10400
121671514410975233,1615644846.57500
121671514410975233,1615644877.98100
121671514410975233,1615644916.80100
146321803797725184,1615645052.54800
130401447052443649,1615655338.25700
121671514410975233,1615659340.06800
121671514410975233,1615685706.86300
130401447052443649,1615686167.06400
121671514410975233,1615729680.43100
121671514410975233,1615740215.37200
130401447052443649,1615761568.84300
121671514410975233,1615778543.15400
121671514410975233,1615855894.36100
121671514410975233,1615856344.27300
121671514410975233,1615860979.00300
121671514410975233,1615920626.36600
121671514410975233,1615988200.31400
121671514410975233,1615988297.14100
130401447052443649,1615988310.92300
191412938492477440,1615988450.68500
121671514410975233,1616029516.88500
121671514410975233,1616029780.30800
121671514410975233,1616029800.56500
121671514410975233,1616029906.66400
121671514410975233,1616030425.16700
146321803797725184,1616030487.78300
121671514410975233,1616035442.59700
121671514410975233,1616113110.83500
121671514410975233,1616114032.48900
121671514410975233,1616189101.13700
191412938492477440,1616211927.68500
121671514410975233,1616258860.57700
121671514410975233,1616259009.31400
130401447052443649,1616293020.97700
130401447052443649,1616294088.91800
191412938492477440,1616294306.26400
121671514410975233,1616338049.57600
121671514410975233,1616338254.83800
121671514410975233,1616380071.13600
121671514410975233,1616380152.88100
121671514410975233,1616380220.62600
130401447052443649,1616405980.21000
121671514410975233,1616422050.82000
121671514410975233,1616422640.87900
146321803797725184,1616422077.16400
191412938492477440,1616492996.76500
121671514410975233,1616508918.52300
121671514410975233,1616509062.50200
191412938492477440,1616509115.40100
121671514410975233,1616637318.49100
121671514410975233,1616637450.41800
121671514410975233,1616637498.12700
121671514410975233,1616637867.56500
121671514410975233,1616637894.55600
130401447052443649,1616808810.40500
146321803797725184,1616808840.19500
191412938492477440,1616810835.06200
121671514410975233,1616860336.29700
121671514410975233,1616860761.52500
121671514410975233,1616863017.50000
191412938492477440,1616869294.06800
121671514410975233,1616893226.64400
130401447052443649,1617260729.77200
130401447052443649,1617827312.41800
121671514410975233,1617828047.46300
121671514410975233,1617830028.85700
121671514410975233,1617830118.68700
121671514410975233,1617877280.63100
146321803797725184,1617877310.32500
146321803797725184,1617881118.53200
130401447052443649,1617918141.20100
130401447052443649,1617918370.49500
130401447052443649,1617919233.21000
130401447052443649,1617919268.85600
130401447052443649,1617919596.29100
121671514410975233,1617919737.10400
130401447052443649,1617919971.03400
130401447052443649,1617920029.88600
